Workbook

Sheet Sheet1
A1: month | B1: day | C1: start_time | D1: am_temp | E1: s_city | F1: s_odometer | G1: end_time | H1: pm_temp | I1: e_city | J1: e_odometer | L1: hrs | M1: miles | N1: time_zone | O1: raw_hours | P1: activity_time | Q1: corrected_hrs | R1: miles_per_hour
A2: 5 | B2: 26 | C2: 0.52638889 | D2: 68 | E2: Lake San Marcos | F2: 58214 | G2: 0.86180556 | H2: 79 | I2: Youngstown | J2: 58559 | L2: =G2-C2 -> 0.33541667 | M2: =J2-F2 -> 345 | N2: 0 | O2: =(L2+(N2/24))*24 -> 8.05 | P2: 0.25 | Q2: =O2-P2 -> 7.8 | R2: =M2/Q2 -> 44.230769
A3: 5 | B3: 27 | C3: 0.27777778 | D3: 72 | E3: Youngstown | F3: 58559 | G3: 0.72013889 | H3: 72 | I3: Monument Valley | J3: 58921 | L3: =G3-C3 -> 0.44236111 | M3: =J3-F3 -> 362 | N3: 0 | O3: =(L3+(N3/24))*24 -> 10.616667 | P3: 1 | Q3: =O3-P3 -> 9.6166667 | R3: =M3/Q3 -> 37.642981
A4: 5 | B4: 28 | C4: 0.30763889 | D4: 57 | E4: Monument Valley | F4: 58921 | G4: 0.59375 | H4: 74 | I4: Grand Junction | J4: 59199 | L4: =G4-C4 -> 0.28611111 | M4: =J4-F4 -> 278 | N4: -1 | O4: =(L4+(N4/24))*24 -> 5.8666667 | P4: 0.5 | Q4: =O4-P4 -> 5.3666667 | R4: =M4/Q4 -> 51.801242
A5: 5 | B5: 29 | C5: 0.33055556 | D5: 63 | E5: Grand Junction | F5: 59203 | G5: 0.72291667 | H5: 80 | I5: Big Springs | J5: 59627 | L5: =G5-C5 -> 0.39236111 | M5: =J5-F5 -> 424 | N5: 0 | O5: =(L5+(N5/24))*24 -> 9.4166667 | P5: 0.5 | Q5: =O5-P5 -> 8.9166667 | R5: =M5/Q5 -> 47.551402
A6: 5 | B6: 30 | C6: 0.27361111 | D6: 57 | E6: Big Springs | F6: 59627 | G6: 0.61180556 | H6: 86 | I6: Lincoln | J6: 59930 | L6: =G6-C6 -> 0.33819444 | M6: =J6-F6 -> 303 | N6: -1 | O6: =(L6+(N6/24))*24 -> 7.1166667 | P6: 0 | Q6: =O6-P6 -> 7.1166667 | R6: =M6/Q6 -> 42.576112
A7: 5 | B7: 31 | C7: 0.37916667 | D7: 66 | E7: Lincoln | F7: 59931 | G7: 0.69166667 | H7: 75 | I7: Burlington | J7: 60241 | L7: =G7-C7 -> 0.3125 | M7: =J7-F7 -> 310 | N7: 0 | O7: =(L7+(N7/24))*24 -> 7.5 | P7: 0 | Q7: =O7-P7 -> 7.5 | R7: =M7/Q7 -> 41.333333
A8: 6 | B8: 1 | C8: 0.36458333 | D8: 67 | E8: Burlington | F8: 60241 | G8: 0.75833333 | H8: 78 | I8: Mt. Vernon | J8: 60561 | L8: =G8-C8 -> 0.39375 | M8: =J8-F8 -> 320 | N8: 0 | O8: =(L8+(N8/24))*24 -> 9.45 | P8: 1.5 | Q8: =O8-P8 -> 7.95 | R8: =M8/Q8 -> 40.251572
A9: 6 | B9: 2 | C9: 0.41388889 | D9: 71 | E9: Mt. Vernon | F9: 60561 | G9: 0.62569444 | H9: 84 | I9: Bowling Green | J9: 60762 | L9: =G9-C9 -> 0.21180556 | M9: =J9-F9 -> 201 | N9: 0 | O9: =(L9+(N9/24))*24 -> 5.0833333 | P9: 0 | Q9: =O9-P9 -> 5.0833333 | R9: =M9/Q9 -> 39.540984
A10: 6 | B10: 3 | C10: 0.40972222 | D10: 75 | E10: Bowling Green | F10: 60767 | G10: 0.64166667 | H10: 82 | I10: Bowling Green | J10: 60901 | L10: =G10-C10 -> 0.23194444 | M10: =J10-F10 -> 134 | N10: 0 | O10: =(L10+(N10/24))*24 -> 5.5666667 | P10: 2.5 | Q10: =O10-P10 -> 3.0666667 | R10: =M10/Q10 -> 43.695652
A11: 6 | B11: 4 | C11: 0.37291667 | D11: 72 | E11: Bowling Green | F11: 60901 | G11: 0.69375 | H11: 71 | I11: Pine Mountain | J11: 61133 | L11: =G11-C11 -> 0.32083333 | M11: =J11-F11 -> 232 | N11: -1 | O11: =(L11+(N11/24))*24 -> 6.7 | P11: 0.25 | Q11: =O11-P11 -> 6.45 | R11: =M11/Q11 -> 35.968992 | T11: Did I arrive earlier?
A12: 6 | B12: 9 | C12: 0.31875 | D12: 47 | E12: Pine Mountain | F12: 61136 | G12: 0.64444444 | H12: 86 | I12: Atlanta | J12: 61450 | L12: =G12-C12 -> 0.32569444 | M12: =J12-F12 -> 314 | N12: 0 | O12: =(L12+(N12/24))*24 -> 7.8166667 | P12: 0 | Q12: =O12-P12 -> 7.8166667 | R12: =M12/Q12 -> 40.170576
A13: 6 | B13: 10 | C13: 0.38680556 | D13: 76 | E13: Atlanta | F13: 61450 | G13: 0.65625 | H13: 88 | I13: Dansdridge | J13: 61693 | L13: =G13-C13 -> 0.26944444 | M13: =J13-F13 -> 243 | N13: 0 | O13: =(L13+(N13/24))*24 -> 6.4666667 | P13: 0.5 | Q13: =O13-P13 -> 5.9666667 | R13: =M13/Q13 -> 40.726257
A14: 6 | B14: 11 | C14: 0.38194444 | D14: 76 | E14: Dandridge | F14: 61724 | G14: 0.62083333 | H14: 93 | I14: Huntington | J14: 61979 | L14: =G14-C14 -> 0.23888889 | M14: =J14-F14 -> 255 | N14: 0 | O14: =(L14+(N14/24))*24 -> 5.7333333 | P14: 0 | Q14: =O14-P14 -> 5.7333333 | R14: =M14/Q14 -> 44.476744
A15: 6 | B15: 12 | C15: 0.37361111 | D15: 78 | E15: Huntington | F15: 61986 | G15: 0.67361111 | H15: 91 | I15: Richmond | J15: 62345 | L15: =G15-C15 -> 0.3 | M15: =J15-F15 -> 359 | N15: 0 | O15: =(L15+(N15/24))*24 -> 7.2 | P15: 0 | Q15: =O15-P15 -> 7.2 | R15: =M15/Q15 -> 49.861111
A16: 6 | B16: 13 | C16: 0.35208333 | D16: 67 | E16: Richmond | F16: 62345 | G16: 0.76666667 | H16: 79 | I16: Morehead City | J16: 62701 | L16: =G16-C16 -> 0.41458333 | M16: =J16-F16 -> 356 | N16: 0 | O16: =(L16+(N16/24))*24 -> 9.95 | P16: 2 | Q16: =O16-P16 -> 7.95 | R16: =M16/Q16 -> 44.779874 | T16: Half way point
A17: 6 | B17: 14 | C17: 0.34236111 | D17: 79 | E17: Morehead City | F17: 62702 | G17: 0.69444444 | H17: 90 | I17: Charleston | J17: 62967 | L17: =G17-C17 -> 0.35208333 | M17: =J17-F17 -> 265 | N17: 0 | O17: =(L17+(N17/24))*24 -> 8.45 | P17: 2 | Q17: =O17-P17 -> 6.45 | R17: =M17/Q17 -> 41.085271
A18: 6 | B18: 15 | C18: 0.38194444 | D18: 83 | E18: Charleston | F18: 62967 | G18: 0.63472222 | H18: 85 | I18: Atlanta | J18: 63262 | L18: =G18-C18 -> 0.25277778 | M18: =J18-F18 -> 295 | N18: 0 | O18: =(L18+(N18/24))*24 -> 6.0666667 | P18: 0 | Q18: =O18-P18 -> 6.0666667 | R18: =M18/Q18 -> 48.626374
A19: 6 | B19: 16 | C19: 0.33055556 | D19: 73 | E19: Atlanta | F19: 63262 | G19: 0.66944444 | H19: 93 | I19: Murfreesboro | J19: 63506 | L19: =G19-C19 -> 0.33888889 | M19: =J19-F19 -> 244 | N19: 1 | O19: =(L19+(N19/24))*24 -> 9.1333333 | P19: 2.5 | Q19: =O19-P19 -> 6.6333333 | R19: =M19/Q19 -> 36.78392
A20: 6 | B20: 17 | C20: 0.36111111 | D20: 83 | E20: Murfreesboro | F20: 63506 | G20: 0.71527778 | H20: 87 | I20: St. Peters | J20: 63858 | L20: =G20-C20 -> 0.35416667 | M20: =J20-F20 -> 352 | N20: 0 | O20: =(L20+(N20/24))*24 -> 8.5 | P20: 0 | Q20: =O20-P20 -> 8.5 | R20: =M20/Q20 -> 41.411765
A21: 6 | B21: 18 | C21: 0.38611111 | D21: 81 | E21: St. Peters | F21: 63858 | G21: 0.55138889 | H21: 87 | I21: Richmond | J21: 64053 | L21: =G21-C21 -> 0.16527778 | M21: =J21-F21 -> 195 | N21: 0 | O21: =(L21+(N21/24))*24 -> 3.9666667 | P21: 0 | Q21: =O21-P21 -> 3.9666667 | R21: =M21/Q21 -> 49.159664
A22: 6 | B22: 19 | C22: 0.28958333 | D22: 67 | E22: Richmond | F22: 64053 | G22: 0.70347222 | H22: 96 | I22: Denver | J22: 64693 | L22: =G22-C22 -> 0.41388889 | M22: =J22-F22 -> 640 | N22: 1 | O22: =(L22+(N22/24))*24 -> 10.933333 | P22: 0 | Q22: =O22-P22 -> 10.933333 | R22: =M22/Q22 -> 58.536585
A23: 6 | B23: 20 | C23: 0.33194444 | D23: 72 | E23: Denver | F23: 64693 | G23: 0.75902778 | H23: 101 | I23: Grand Junction | J23: 64990 | L23: =G23-C23 -> 0.42708333 | M23: =J23-F23 -> 297 | N23: 0 | O23: =(L23+(N23/24))*24 -> 10.25 | P23: 1.5 | Q23: =O23-P23 -> 8.75 | R23: =M23/Q23 -> 33.942857
A24: 6 | B24: 21 | C24: 0.32430556 | D24: 83 | E24: Grand Junction | F24: 64990 | G24: 0.62291667 | H24: 107 | I24: St. George | J24: 65370 | L24: =G24-C24 -> 0.29861111 | M24: =J24-F24 -> 380 | N24: 0 | O24: =(L24+(N24/24))*24 -> 7.1666667 | P24: 0.25 | Q24: =O24-P24 -> 6.9166667 | R24: =M24/Q24 -> 54.939759
A25: 6 | B25: 22 | C25: 0.31180556 | D25: 85 | E25: St. George | F25: 65370 | G25: 0.50208333 | H25: 98 | I25: Barstow | J25: 65634 | L25: =G25-C25 -> 0.19027778 | M25: =J25-F25 -> 264 | N25: 1 | O25: =(L25+(N25/24))*24 -> 5.5666667 | P25: 0 | Q25: =O25-P25 -> 5.5666667 | R25: =M25/Q25 -> 47.42515
A26: 6 | B26: 23 | C26: 0.35069444 | D26: 88 | E26: Barstow | F26: 65640 | G26: 0.475 | H26: 75 | I26: Lake San Marcos | J26: 65789 | L26: =G26-C26 -> 0.12430556 | M26: =J26-F26 -> 149 | N26: 0 | O26: =(L26+(N26/24))*24 -> 2.9833333 | P26: 0 | Q26: =O26-P26 -> 2.9833333 | R26: =M26/Q26 -> 49.944134
I28: Total Miles | J28: =J26-F2 -> 7575 | K28: (incl about town) | M28: =sum(M2:M26) -> 7517 | N28: (trip miles) | O28: =sum(O2:O26) -> 185.55 | P28: =sum(P2:P26) -> 15.25 | Q28: =sum(Q2:Q26) -> 170.3
I29: Days Driving | J29: =counta(B2:B26) -> 25
I30: Average Mi/Day | J30: =M28/J29 -> 300.68 | P30: average | Q30: =average(Q2:Q26) -> 6.812 | R30: =average(R2:R26) -> 44.258523 | S30: miles/hour | T30: =0.93*60 -> 55.8
E31: Google distance I-20 | F31: LSM to Morehead City via I20 | H31: Days | P31: average | Q31: =CONCATENATE(int(Q30),":",int(60*(Q30-int(Q30)))) -> 6:48 | S31: hours/day
E32: miles | F32: hours | G32: miles/hour | H32: @ 300 mi/day
D33: One way | E33: 2667 | F33: 38 | H33: =E33/300 -> 8.89 | P33: total | Q33: =concatenate(int(Q28),":",Q36) -> 170:17
D34: Two way | E34: =E33*2 -> 5334 | F34: =F33*2 -> 76 | G34: =E34/F34 -> 70.184211 | H34: =E34/300 -> 17.78
P35: working | Q35: =Q28-int(Q28) -> 0.3
P36: working | Q36: =int(Q35*60) -> 17

Sheet Sheet2
A1: Day | B1: =Sheet1!C1 -> start_time | C1: =Sheet1!G1 -> end_time | D1: =A1 -> Day | E1: =B1 -> start_time | F1: =C1 -> end_time | I1: =Sheet1!D1 -> am_temp | J1: =Sheet1!H1 -> pm_temp
A2: 1 | B2: =Sheet1!C2 -> 0.52638889 | C2: =Sheet1!G2 -> 0.86180556 | D2: =A2 -> 1 | E2: =B2*24 -> 12.633333 | F2: =C2*24-E2 -> 8.05 | I2: =Sheet1!D2 -> 68 | J2: =Sheet1!H2 -> 79
A3: 2 | B3: =Sheet1!C3 -> 0.27777778 | C3: =Sheet1!G3 -> 0.72013889 | D3: =A3 -> 2 | E3: =B3*24 -> 6.6666667 | F3: =C3*24-E3 -> 10.616667 | I3: =Sheet1!D3 -> 72 | J3: =Sheet1!H3 -> 72
A4: 3 | B4: =Sheet1!C4 -> 0.30763889 | C4: =Sheet1!G4 -> 0.59375 | D4: =A4 -> 3 | E4: =B4*24 -> 7.3833333 | F4: =C4*24-E4 -> 6.8666667 | I4: =Sheet1!D4 -> 57 | J4: =Sheet1!H4 -> 74
A5: 4 | B5: =Sheet1!C5 -> 0.33055556 | C5: =Sheet1!G5 -> 0.72291667 | D5: =A5 -> 4 | E5: =B5*24 -> 7.9333333 | F5: =C5*24-E5 -> 9.4166667 | I5: =Sheet1!D5 -> 63 | J5: =Sheet1!H5 -> 80
A6: 5 | B6: =Sheet1!C6 -> 0.27361111 | C6: =Sheet1!G6 -> 0.61180556 | D6: =A6 -> 5 | E6: =B6*24 -> 6.5666667 | F6: =C6*24-E6 -> 8.1166667 | I6: =Sheet1!D6 -> 57 | J6: =Sheet1!H6 -> 86
A7: 6 | B7: =Sheet1!C7 -> 0.37916667 | C7: =Sheet1!G7 -> 0.69166667 | D7: =A7 -> 6 | E7: =B7*24 -> 9.1 | F7: =C7*24-E7 -> 7.5 | I7: =Sheet1!D7 -> 66 | J7: =Sheet1!H7 -> 75
A8: 7 | B8: =Sheet1!C8 -> 0.36458333 | C8: =Sheet1!G8 -> 0.75833333 | D8: =A8 -> 7 | E8: =B8*24 -> 8.75 | F8: =C8*24-E8 -> 9.45 | I8: =Sheet1!D8 -> 67 | J8: =Sheet1!H8 -> 78
A9: 8 | B9: =Sheet1!C9 -> 0.41388889 | C9: =Sheet1!G9 -> 0.62569444 | D9: =A9 -> 8 | E9: =B9*24 -> 9.9333333 | F9: =C9*24-E9 -> 5.0833333 | I9: =Sheet1!D9 -> 71 | J9: =Sheet1!H9 -> 84
A10: 9 | B10: =Sheet1!C10 -> 0.40972222 | C10: =Sheet1!G10 -> 0.64166667 | D10: =A10 -> 9 | E10: =B10*24 -> 9.8333333 | F10: =C10*24-E10 -> 5.5666667 | I10: =Sheet1!D10 -> 75 | J10: =Sheet1!H10 -> 82
A11: 10 | B11: =Sheet1!C11 -> 0.37291667 | C11: =Sheet1!G11 -> 0.69375 | D11: =A11 -> 10 | E11: =B11*24 -> 8.95 | F11: =C11*24-E11 -> 7.7 | I11: =Sheet1!D11 -> 72 | J11: =Sheet1!H11 -> 71
A12: 11 | B12: =Sheet1!C12 -> 0.31875 | C12: =Sheet1!G12 -> 0.64444444 | D12: =A12 -> 11 | E12: =B12*24 -> 7.65 | F12: =C12*24-E12 -> 7.8166667 | I12: =Sheet1!D12 -> 47 | J12: =Sheet1!H12 -> 86
A13: 12 | B13: =Sheet1!C13 -> 0.38680556 | C13: =Sheet1!G13 -> 0.65625 | D13: =A13 -> 12 | E13: =B13*24 -> 9.2833333 | F13: =C13*24-E13 -> 6.4666667 | I13: =Sheet1!D13 -> 76 | J13: =Sheet1!H13 -> 88
... A26: 25 | B26: =Sheet1!C26 -> 0.35069444 | C26: =Sheet1!G26 -> 0.475 | D26: =A26 -> 25 | E26: =B26*24 -> 8.4166667 | F26: =C26*24-E26 -> 2.9833333 | I26: =Sheet1!D26 -> 88 | J26: =Sheet1!H26 -> 75
