Workbook

Sheet Gas Log
A1: Timestamp | B1: City | C1: State | D1: Brand | E1: Price/Gallon | F1: Odometer | G1: Gallons | H1: Price | I1: Miles | J1: Miles/Gallon | K1: Total Fuel Cost | L1: Total Gallons | M1: MPG | N1: $/mile | O1: Notes | P1: MPG last 5
A2: 40382 | B2: San Diego | C2: California | D2: Dealer | E2: 0 | F2: 4 | G2: 8.7 | H2: 0 | I2: =F2 -> 4 | K2: 0 | L2: =G2 -> 8.7 | Q2: Total Miles | R2: =max(F2:F357) -> 71181
A3: 40385 | B3: San Marcos | C3: California | D3: Shell | E3: 3.319 | F3: 266.7 | G3: 7.137 | H3: 23.69 | I3: =if(G3>0,F3-F2," ") -> 262.7 | J3: =if(G3>0,I3/G3," ") -> 36.808183 | K3: =if(H3>0,K2+H3," ") -> 23.69 | L3: =G3+L2 -> 15.837 | M3: =F3/(L3-8.7) -> 37.368642 | N3: =K3/F3 -> 0.088826397 | Q3: Average Fill (gallons) | R3: =average(G2:G357) -> 6.1806886
A4: 40440 | B4: Campo | C4: California | D4: Golden Acorn | E4: 3.399 | F4: 513 | G4: 6.043 | H4: 20.54 | I4: =if(G4>0,F4-F3," ") -> 246.3 | J4: =if(G4>0,I4/G4," ") -> 40.757902 | K4: =if(H4>0,K3+H4," ") -> 44.23 | L4: =G4+L3 -> 21.88 | M4: =F4/(L4-8.7) -> 38.92261 | N4: =K4/F4 -> 0.086218324 | Q4: Number of Fill-ups | R4: =count(G2:G357) -> 293
A5: 40440 | B5: Eloy | C5: Arizona | D5: Flying J | E5: 2.859 | F5: 819 | G5: 8.304 | H5: 23.74 | I5: =if(G5>0,F5-F4," ") -> 306 | J5: =if(G5>0,I5/G5," ") -> 36.849711 | K5: =if(H5>0,K4+H5," ") -> 67.97 | L5: =G5+L4 -> 30.184 | M5: =F5/(L5-8.7) -> 38.121393 | N5: =K5/F5 -> 0.082991453 | Q5: Average Miles to Fill | R5: =average(I3:I357) -> 243.75685
A6: 40441 | B6: Deming | C6: Arizona | D6: Fina | E6: 2.929 | F6: 1109 | G6: 7.119 | H6: 20.05 | I6: =if(G6>0,F6-F5," ") -> 290 | J6: =if(G6>0,I6/G6," ") -> 40.736058 | K6: =if(H6>0,K5+H6," ") -> 88.02 | L6: =G6+L5 -> 37.303 | M6: =F6/(L6-8.7) -> 38.772157 | N6: =K6/F6 -> 0.079368801 | Q6: Total Fuel Cost | R6: =max(K2:K357) -> 6532.5664
A7: 40441 | B7: Pecos | C7: Texas | D7: Fina | E7: 2.959 | F7: 1413 | G7: 8.476 | H7: 25.08 | I7: =if(G7>0,F7-F6," ") -> 304 | J7: =if(G7>0,I7/G7," ") -> 35.865975 | K7: =if(H7>0,K6+H7," ") -> 113.1 | L7: =G7+L6 -> 45.779 | M7: =F7/(L7-8.7) -> 38.107824 | N7: =K7/F7 -> 0.080042463 | P7: =(sum(I2:I7)/sum(G2:G7)) -> 30.865681 | Q7: Total Fuel (gallons) | R7: =max(L2:L357) -> 1772.9338
A8: 40442 | B8: Abilene | C8: Texas | D8: Fina | E8: 2.739 | F8: 1655 | G8: 5.624 | H8: 15.4 | I8: =if(G8>0,F8-F7," ") -> 242 | J8: =if(G8>0,I8/G8," ") -> 43.029872 | K8: =if(H8>0,K7+H8," ") -> 128.5 | L8: =G8+L7 -> 51.403 | M8: =F8/(L8-8.7) -> 38.756059 | N8: =K8/F8 -> 0.077643505 | P8: =(sum(I3:I8)/sum(G3:G8)) -> 38.662389 | Q8: Overall MPG | R8: =R2/R7 -> 40.148708 | S8: (adjust with new data)
A9: 40444 | B9: Flower Mound | C9: Texas | D9: RaceTrac | E9: 2.769 | F9: 1939 | G9: 7.715 | H9: 21.36 | I9: =if(G9>0,F9-F8," ") -> 284 | J9: =if(G9>0,I9/G9," ") -> 36.811406 | K9: =if(H9>0,K8+H9," ") -> 149.86 | L9: =G9+L8 -> 59.118 | M9: =F9/(L9-8.7) -> 38.458487 | N9: =K9/F9 -> 0.077287261 | P9: =(sum(I4:I9)/sum(G4:G9)) -> 38.638202 | Q9: Best MPG (last 5) | R9: =max(P7:P281) -> 47.103267
A10: 40445 | B10: Blackwell | C10: Oklahoma | D10: Shell | E10: 2.999 | F10: 2205 | G10: 6.165 | H10: 18.49 | I10: =if(G10>0,F10-F9," ") -> 266 | J10: =if(G10>0,I10/G10," ") -> 43.146796 | K10: =if(H10>0,K9+H10," ") -> 168.35 | L10: =G10+L9 -> 65.283 | M10: =F10/(L10-8.7) -> 38.969302 | N10: =K10/F10 -> 0.076349206 | P10: =(sum(I5:I10)/sum(G5:G10)) -> 38.98348 | Q10: Most expensive fuel | R10: =max(E3:E357) -> 5.6731221
A11: 40445 | B11: Matfield Green | C11: Kansas | D11: Shell | E11: 2.959 | F11: 2438 | G11: 7.295 | H11: 21.59 | I11: =if(G11>0,F11-F10," ") -> 233 | J11: =if(G11>0,I11/G11," ") -> 31.939685 | K11: =if(H11>0,K10+H11," ") -> 189.94 | L11: =G11+L10 -> 72.578 | M11: =F11/(L11-8.7) -> 38.166505 | N11: =K11/F11 -> 0.077908121 | P11: =(sum(I6:I11)/sum(G6:G11)) -> 38.189366 | Q11: Least expensive fuel | R11: =min(E3:E357) -> 2.349 | S11: =R10/R11 -> 2.4151222 | T11: Most vs Least
A12: 40450 | B12: St. Louis | C12: Missouri | D12: Conoco | E12: 2.689 | F12: 2744 | G12: 7.851 | H12: 21.11 | I12: =if(G12>0,F12-F11," ") -> 306 | J12: =if(G12>0,I12/G12," ") -> 38.975927 | K12: =if(H12>0,K11+H12," ") -> 211.05 | L12: =G12+L11 -> 80.429 | M12: =F12/(L12-8.7) -> 38.255099 | N12: =K12/F12 -> 0.076913265 | P12: =(sum(I7:I12)/sum(G7:G12)) -> 37.912164
A13: 40451 | B13: Dale | C13: Indiana | D13: Shell | E13: 2.899 | F13: 3035 | G13: 7.002 | H13: 20.3 | I13: =if(G13>0,F13-F12," ") -> 291 | J13: =if(G13>0,I13/G12," ") -> 37.065342 | K13: =if(H13>0,K12+H13," ") -> 231.35 | L13: =G13+L12 -> 87.431 | M13: =F13/(L13-8.7) -> 38.548983 | N13: =K13/F13 -> 0.076227348 | P13: =(sum(I8:I13)/sum(G8:G13)) -> 38.941707
A14: 40451 | B14: Barboursville | C14: West Virginia | D14: Sheetz | E14: 2.949 | F14: 3310 | G14: 7.153 | H14: 21.09 | I14: =if(G14>0,F14-F13," ") -> 275 | J14: =if(G14>0,I14/G13," ") -> 39.274493 | K14: =if(H14>0,K13+H14," ") -> 252.44 | L14: =G14+L13 -> 94.584 | M14: =F14/(L14-8.7) -> 38.540357 | N14: =K14/F14 -> 0.076265861 | P14: =(sum(I9:I14)/sum(G9:G14)) -> 38.327042
A15: 40452 | B15: Hillsville | C15: Virginia | D15: Liberty | E15: 2.729 | F15: =F14+197 -> 3507 | G15: 4.118 | H15: 11.24 | I15: =if(G15>0,F15-F14," ") -> 197 | J15: =if(G15>0,I15/G14," ") -> 27.540892 | K15: =if(H15>0,K14+H15," ") -> 263.68 | L15: =G15+L14 -> 98.702 | M15: =F15/(L15-8.7) -> 38.965801 | N15: =K15/F15 -> 0.075186769 | P15: =(sum(I10:I15)/sum(G10:G15)) -> 39.611964
A16: 40453 | B16: Waynesboro | C16: Virginia | D16: Sunoco | E16: 2.899 | F16: =F15+170 -> 3677 | G16: 5.688 | H16: 16.49 | I16: =if(G16>0,F16-F15," ") -> 170 | J16: =if(G16>0,I16/G15," ") -> 41.282176 | K16: =if(H16>0,K15+H16," ") -> 280.17 | L16: =G16+L15 -> 104.39 | M16: =F16/(L16-8.7) -> 38.426168 | N16: =K16/F16 -> 0.076195268 | P16: =(sum(I11:I16)/sum(G11:G16)) -> 37.64032
A17: 40458 | B17: Gettysburg | C17: Pennsylvania | D17: Sheetz | E17: 3.099 | F17: 4046 | G17: 6.845 | H17: 21.21 | I17: =if(G17>0,F17-F16," ") -> 369 | J17: =if(G17>0,I17/G16," ") -> 64.873418 | K17: =if(H17>0,K16+H17," ") -> 301.38 | L17: =G17+L16 -> 111.235 | M17: =F17/(L17-8.7) -> 39.459697 | N17: =K17/F17 -> 0.074488384 | P17: =(sum(I12:I17)/sum(G12:G17)) -> 41.596606
A18: 40458 | B18: Danbury | C18: Connecticut | D18: Mobil | E18: 3.159 | F18: 4349 | G18: 8.07 | H18: 25.49 | I18: =if(G18>0,F18-F17," ") -> 303 | J18: =if(G18>0,I18/G18," ") -> 37.546468 | K18: =if(H18>0,K17+H18," ") -> 326.87 | L18: =G18+L17 -> 119.305 | M18: =F18/(L18-8.7) -> 39.320103 | N18: =K18/F18 -> 0.075159807 | P18: =(sum(I13:I18)/sum(G13:G18)) -> 41.285112
A19: 40460 | B19: Charlton | C19: Massachusetts | D19: Gulf | E19: 3.049 | F19: 4684 | G19: 8.499 | H19: 25.91 | I19: =if(G19>0,F19-F18," ") -> 335 | J19: =if(G19>0,I19/G19," ") -> 39.416402 | K19: =if(H19>0,K18+H19," ") -> 352.78 | L19: =G19+L18 -> 127.804 | M19: =F19/(L19-8.7) -> 39.326975 | N19: =K19/F19 -> 0.075315969 | P19: =(sum(I14:I19)/sum(G14:G19)) -> 40.844128
A20: 40461 | B20: Austinburg | C20: Ohio | D20: Sunoco | E20: 3.079 | F20: 4982 | G20: 7.293 | H20: 22.46 | I20: =if(G20>0,F20-F19," ") -> 298 | J20: =if(G20>0,I20/G20," ") -> 40.8611 | K20: =if(H20>0,K19+H20," ") -> 375.24 | L20: =G20+L19 -> 135.097 | M20: =F20/(L20-8.7) -> 39.415492 | N20: =K20/F20 -> 0.075319149 | P20: =(sum(I15:I20)/sum(G15:G20)) -> 41.270703
A21: 40461 | B21: Warren | C21: Ohio | D21: Flying J | E21: 3.079 | F21: 5217 | G21: 5.762 | H21: 17.74 | I21: =if(G21>0,F21-F20," ") -> 235 | J21: =if(G21>0,I21/G21," ") -> 40.78445 | K21: =if(H21>0,K20+H21," ") -> 392.98 | L21: =G21+L20 -> 140.859 | M21: =F21/(L21-8.7) -> 39.475178 | N21: =K21/F21 -> 0.075326816 | P21: =(sum(I16:I21)/sum(G16:G21)) -> 40.562659
A22: 40462 | B22: Dayton | C22: Ohio | D22: Marathon | E22: 2.899 | F22: 5465 | G22: 7.069 | H22: 20.42 | I22: =if(G22>0,F22-F21," ") -> 248 | J22: =if(G22>0,I22/G22," ") -> 35.082756 | K22: =if(H22>0,K21+H22," ") -> 413.4 | L22: =G22+L21 -> 147.928 | M22: =F22/(L22-8.7) -> 39.252162 | N22: =K22/F22 -> 0.075645014 | P22: =(sum(I17:I22)/sum(G17:G22)) -> 41.067573
A23: 40462 | B23: Altamont | C23: Illinois | D23: Marathon | E23: 3.129 | F23: 5730 | G23: 6.047 | H23: 18.92 | I23: =if(G23>0,F23-F22," ") -> 265 | J23: =if(G23>0,I23/G23," ") -> 43.823383 | K23: =if(H23>0,K22+H23," ") -> 432.32 | L23: =G23+L22 -> 153.975 | M23: =F23/(L23-8.7) -> 39.442437 | N23: =K23/F23 -> 0.075448517 | P23: =(sum(I18:I23)/sum(G18:G23)) -> 39.401029
A24: 40487 | B24: Effingham | C24: Illinois | D24: Mobil | E24: 3.139 | F24: 5957 | G24: 6.48 | H24: 20.37 | I24: =if(G24>0,F24-F23," ") -> 227 | J24: =if(G24>0,I24/G24," ") -> 35.030864 | K24: =if(H24>0,K23+H24," ") -> 452.69 | L24: =G24+L23 -> 160.455 | M24: =F24/(L24-8.7) -> 39.254061 | N24: =K24/F24 -> 0.075992949 | P24: =(sum(I19:I24)/sum(G19:G24)) -> 39.076549
A25: 40488 | B25: Springfield | C25: Ohio | D25: Shell | E25: 3.259 | F25: 6230 | G25: 7.275 | H25: 23.71 | I25: =if(G25>0,F25-F24," ") -> 273 | J25: =if(G25>0,I25/G25," ") -> 37.525773 | K25: =if(H25>0,K24+H25," ") -> 476.4 | L25: =G25+L24 -> 167.73 | M25: =F25/(L25-8.7) -> 39.174998 | N25: =K25/F25 -> 0.0764687 | P25: =(sum(I20:I25)/sum(G20:G25)) -> 38.721635
A26: 40489 | B26: Waynesboro | C26: Pennsylvania | D26: Sheetz | E26: 3.199 | F26: =int((39.17*6.123)+6230) -> 6469 | G26: 6.123 | H26: 19.59 | I26: =if(G26>0,F26-F25," ") -> 239 | J26: =if(G26>0,I26/G26," ") -> 39.033154 | K26: =if(H26>0,K25+H26," ") -> 495.99 | L26: =G26+L25 -> 173.853 | M26: =F26/(L26-8.7) -> 39.16974 | N26: =K26/F26 -> 0.076671819 | P26: =(sum(I21:I26)/sum(G21:G26)) -> 38.368253
A27: 40490 | B27: Middleton | C27: Pennsylvania | D27: Sunoco | E27: 3.159 | F27: 6748 | G27: 6.255 | H27: 19.76 | I27: =if(G27>0,F27-F26," ") -> 279 | J27: =if(G27>0,I27/G27," ") -> 44.604317 | K27: =if(H27>0,K26+H27," ") -> 515.75 | L27: =G27+L26 -> 180.108 | M27: =F27/(L27-8.7) -> 39.368057 | N27: =K27/F27 -> 0.076430053 | P27: =(sum(I22:I27)/sum(G22:G27)) -> 39.007363
A28: 40491 | B28: Newburg | C28: Pennsylvania | D28: Sunoco | E28: 3.149 | F28: 6991 | G28: 5.985 | H28: 18.85 | I28: =if(G28>0,F28-F27," ") -> 243 | J28: =if(G28>0,I28/G28," ") -> 40.601504 | K28: =if(H28>0,K27+H28," ") -> 534.6 | L28: =G28+L27 -> 186.093 | M28: =F28/(L28-8.7) -> 39.409672 | N28: =K28/F28 -> 0.076469747 | P28: =(sum(I23:I28)/sum(G23:G28)) -> 39.984279
A29: 40492 | B29: Pittsburgh | C29: Pennsylvania | D29: Sunoco | E29: 3.109 | F29: 7271 | G29: 7.989 | H29: 24.84 | I29: =if(G29>0,F29-F28," ") -> 280 | J29: =if(G29>0,I29/G29," ") -> 35.048191 | K29: =if(H29>0,K28+H29," ") -> 559.44 | L29: =G29+L28 -> 194.082 | M29: =F29/(L29-8.7) -> 39.221715 | N29: =K29/F29 -> 0.076941274 | P29: =(sum(I24:I29)/sum(G24:G29)) -> 38.422221
A30: 40496 | B30: Summerville | C30: West Virginia | D30: Sunoco | E30: 3.139 | F30: 7531 | G30: 6.94 | H30: 21.78 | I30: =if(G30>0,F30-F29," ") -> 260 | J30: =if(G30>0,I30/G30," ") -> 37.463977 | K30: =if(H30>0,K29+H30," ") -> 581.22 | L30: =G30+L29 -> 201.022 | M30: =F30/(L30-8.7) -> 39.158287 | N30: =K30/F30 -> 0.077177002 | P30: =(sum(I25:I30)/sum(G25:G30)) -> 38.80001
A31: 40497 | B31: Bessemer | C31: North Carolina | D31: Exxon | E31: 3.119 | F31: 7802 | G31: 6.581 | H31: 20.53 | I31: =if(G31>0,F31-F30," ") -> 271 | J31: =if(G31>0,I31/G31," ") -> 41.179152 | K31: =if(H31>0,K30+H31," ") -> 601.75 | L31: =G31+L30 -> 207.603 | M31: =F31/(L31-8.7) -> 39.22515 | N31: =K31/F31 -> 0.07712766 | P31: =(sum(I26:I31)/sum(G26:G31)) -> 39.425175
A32: 40498 | B32: Villa Rica | C32: Georgia | D32: Shell | E32: 3.099 | F32: 8068 | G32: 6.482 | H32: 20.09 | I32: =if(F32>0,F32-F31," ") -> 266 | J32: =if(G32>0,I32/G32," ") -> 41.036717 | K32: =if(H32>0,K31+H32," ") -> 621.84 | L32: =G32+L31 -> 214.085 | M32: =F32/(L32-8.7) -> 39.282323 | N32: =K32/F32 -> 0.077074864 | P32: =(sum(I27:I32)/sum(G27:G32)) -> 39.744482
A33: 40498 | B33: Tupelo | C33: Mississippi | D33: Love | E33: 2.899 | F33: 8317 | G33: 6.997 | H33: 20.28 | I33: =if(F33>0,F33-F32," ") -> 249 | J33: =if(G33>0,I33/G33," ") -> 35.58668 | K33: =if(H33>0,K32+H33," ") -> 642.12 | L33: =G33+L32 -> 221.082 | M33: =F33/(L33-8.7) -> 39.160569 | N33: =K33/F33 -> 0.077205723 | P33: =(sum(I28:I33)/sum(G28:G33)) -> 38.292576
A34: 40499 | B34: Bryant | C34: Arkansas | D34: Superstop | E34: 2.929 | F34: 8574 | G34: 6.564 | H34: 19.22 | I34: =if(F34>0,F34-F33," ") -> 257 | J34: =if(G34>0,I34/G34," ") -> 39.152956 | K34: =if(H34>0,K33+H34," ") -> 661.34 | L34: =G34+L33 -> 227.646 | M34: =F34/(L34-8.7) -> 39.160341 | N34: =K34/F34 -> 0.077133193 | P34: =(sum(I29:I34)/sum(G29:G34)) -> 38.095926
A35: 40499 | B35: Mt Pleasant | C35: Texas | D35: Exxon | E35: 3.099 | F35: 8756 | G35: 5.54 | H35: 17.17 | I35: =if(F35>0,F35-F34," ") -> 182 | J35: =if(G35>0,I35/G35," ") -> 32.851986 | K35: =if(H35>0,K34+H35," ") -> 678.51 | L35: =G35+L34 -> 233.186 | M35: =F35/(L35-8.7) -> 39.00466 | N35: =K35/F35 -> 0.077490863 | P35: =(sum(I30:I35)/sum(G30:G35)) -> 37.975655
A36: 40503 | B36: Weatherford | C36: Texas | D36: Mobil | E36: 3.199 | F36: 9005 | G36: 6.232 | H36: 19.94 | I36: =if(F36>0,F36-F35," ") -> 249 | J36: =if(G36>0,I36/G36," ") -> 39.955071 | K36: =if(H36>0,K35+H36," ") -> 698.45 | L36: =G36+L35 -> 239.418 | M36: =F36/(L36-8.7) -> 39.030331 | N36: =K36/F36 -> 0.077562465 | P36: =(sum(I31:I36)/sum(G31:G36)) -> 38.389416
A37: 40503 | B37: Big Springs | C37: Texas | D37: Shell | E37: 3.099 | F37: 9230 | G37: 6.795 | H37: 21.06 | I37: =if(F37>0,F37-F36," ") -> 225 | J37: =if(G37>0,I37/G37," ") -> 33.112583 | K37: =if(H37>0,K36+H37," ") -> 719.51 | L37: =G37+L36 -> 246.213 | M37: =F37/(L37-8.7) -> 38.861031 | N37: =K37/F37 -> 0.077953413 | P37: =(sum(I32:I37)/sum(G32:G37)) -> 36.985237
A38: 40503 | B38: Carlsbad | C38: New Mexico | D38: Shell | E38: 2.899 | F38: 9430 | G38: 5.849 | H38: 16.96 | I38: =if(F38>0,F38-F37," ") -> 200 | J38: =if(G38>0,I38/G38," ") -> 34.193879 | K38: =if(H38>0,K37+H38," ") -> 736.47 | L38: =G38+L37 -> 252.062 | M38: =F38/(L38-8.7) -> 38.74886 | N38: =K38/F38 -> 0.078098621 | P38: =(sum(I33:I38)/sum(G33:G38)) -> 35.863812
A39: 40504 | B39: Ruidosa | C39: New Mexico | D39: Circle K | E39: 3.029 | F39: 9633 | G39: 5.666 | H39: 17.16 | I39: =if(F39>0,F39-F38," ") -> 203 | J39: =if(G39>0,I39/G39," ") -> 35.827744 | K39: =if(H39>0,K38+H39," ") -> 753.63 | L39: =G39+L38 -> 257.728 | M39: =F39/(L39-8.7) -> 38.682397 | N39: =K39/F39 -> 0.078234195 | P39: =(sum(I34:I39)/sum(G34:G39)) -> 35.91115
A40: 40505 | B40: Willcox | C40: Arizona | D40: Shell | E40: 3.089 | F40: 9944 | G40: 7.185 | H40: 22.19 | I40: =if(F40>0,F40-F39," ") -> 311 | J40: =if(G40>0,I40/G40," ") -> 43.284621 | K40: =if(H40>0,K39+H40," ") -> 775.82 | L40: =G40+L39 -> 264.913 | M40: =F40/(L40-8.7) -> 38.811458 | N40: =K40/F40 -> 0.078018906 | P40: =(sum(I35:I40)/sum(G35:G40)) -> 36.761746
A41: 40506 | B41: Dateland | C41: Arizona | D41: Texaco | E41: 3.179 | F41: 10228 | G41: 7.005 | H41: 22.27 | I41: =if(F41>0,F41-F40," ") -> 284 | J41: =if(G41>0,I41/G41," ") -> 40.54247 | K41: =if(H41>0,K40+H41," ") -> 798.09 | L41: =G41+L40 -> 271.918 | M41: =F41/(L41-8.7) -> 38.857525 | N41: =K41/F41 -> 0.078029918 | P41: =(sum(I36:I41)/sum(G36:G41)) -> 38.004751
A42: 40506 | B42: El Cajon | C42: California | D42: Chevron | E42: 3.299 | F42: 10443 | G42: 7.056 | H42: 23.28 | I42: =if(F42>0,F42-F41," ") -> 215 | J42: =if(G42>0,I42/G42," ") -> 30.470522 | K42: =if(H42>0,K41+H42," ") -> 821.37 | L42: =G42+L41 -> 278.974 | M42: =F42/(L42-8.7) -> 38.638567 | N42: =K42/F42 -> 0.078652686 | P42: =(sum(I37:I42)/sum(G37:G42)) -> 36.353524
A43: 40511 | B43: San Marcos | C43: California | D43: Shell | E43: 3.339 | F43: 10647 | G43: 5.749 | H43: 19.28 | I43: =if(F43>0,F43-F42," ") -> 204 | J43: =if(G43>0,I43/G43," ") -> 35.484432 | K43: =if(H43>0,K42+H43," ") -> 840.65 | L43: =G43+L42 -> 284.723 | M43: =F43/(L43-8.7) -> 38.572873 | N43: =K43/F43 -> 0.078956514 | O43: 64F @ 2:25PM | P43: =(sum(I38:I43)/sum(G38:G43)) -> 36.795637
A44: 40539 | B44: San Marcos | C44: California | D44: Shell | E44: 3.519 | F44: 10916 | G44: 7.09 | H44: 24.95 | I44: =if(F44>0,F44-F43," ") -> 269 | J44: =if(G44>0,I44/G44," ") -> 37.940762 | K44: =if(H44>0,K43+H44," ") -> 865.6 | L44: =G44+L43 -> 291.813 | M44: =F44/(L44-8.7) -> 38.557043 | N44: =K44/F44 -> 0.079296446 | O44: 62F @ 1:57PM | P44: =(sum(I39:I44)/sum(G39:G44)) -> 37.382707
A45: 40602 | B45: El Centro | C45: California | D45: USA Gasoline | E45: 3.859 | F45: 11098 | G45: 4.493 | H45: 17.34 | I45: =if(F45>0,F45-F44," ") -> 182 | J45: =if(G45>0,I45/G45," ") -> 40.507456 | K45: =if(H45>0,K44+H45," ") -> 882.94 | L45: =G45+L44 -> 296.306 | M45: =F45/(L45-8.7) -> 38.587512 | N45: =K45/F45 -> 0.079558479 | O45: 65F @ 4:32PM | P45: =(sum(I40:I45)/sum(G40:G45)) -> 37.975012
A46: 40604 | B46: LaQuinta | C46: California | D46: Mobil | E46: 3.939 | F46: 11313 | G46: 5.695 | H46: 22.43 | I46: =if(F46>0,F46-F45," ") -> 215 | J46: =if(G46>0,I46/G46," ") -> 37.752414 | K46: =if(H46>0,K45+H46," ") -> 905.37 | L46: =G46+L45 -> 302.001 | M46: =F46/(L46-8.7) -> 38.571297 | N46: =K46/F46 -> 0.08002917 | O46: 66F @ 9:27AM | P46: =(sum(I41:I46)/sum(G41:G46)) -> 36.912209
A47: 40604 | B47: San Marcos | C47: California | D47: Shell | E47: 3.999 | F47: 11551 | G47: 5.779 | H47: 23.11 | I47: =if(F47>0,F47-F46," ") -> 238 | J47: =if(G47>0,I47/G47," ") -> 41.183596 | K47: =if(H47>0,K46+H47," ") -> 928.48 | L47: =G47+L46 -> 307.78 | M47: =F47/(L47-8.7) -> 38.621773 | N47: =K47/F47 -> 0.080380919 | O47: 49F @ 8:13PM | P47: =(sum(I42:I47)/sum(G42:G47)) -> 36.891417
A48: 40669 | B48: Santa Cleritos | C48: California | D48: Chevron | E48: 4.499 | F48: 11794 | G48: 5.729 | H48: 25.77 | I48: =if(F48>0,F48-F47," ") -> 243 | J48: =if(G48>0,I48/G48," ") -> 42.415779 | K48: =if(H48>0,K47+H48," ") -> 954.25 | L48: =G48+L47 -> 313.509 | M48: =F48/(L48-8.7) -> 38.693083 | N48: =K48/F48 -> 0.080909785 | O48: 61F @ 8:10AM | P48: =(sum(I43:I48)/sum(G43:G48)) -> 39.119734
A49: 40669 | B49: Santa Nella | C49: California | D49: TA | E49: 4.499 | F49: 12034 | G49: 6.881 | H49: 30.96 | I49: =if(F49>0,F49-F48," ") -> 240 | J49: =if(G49>0,I49/G49," ") -> 34.878651 | K49: =if(H49>0,K48+H49," ") -> 985.21 | L49: =G49+L48 -> 320.39 | M49: =F49/(L49-8.7) -> 38.608874 | N49: =K49/F49 -> 0.081868872 | O49: 85F @ 1:51PM | P49: =(sum(I44:I49)/sum(G44:G49)) -> 38.887487
A50: 40670 | B50: Cloverdale | C50: California | D50: Shell | E50: 4.499 | F50: 12278 | G50: 6.432 | H50: 28.94 | I50: =if(F50>0,F50-F49," ") -> 244 | J50: =if(G50>0,I50/G50," ") -> 37.935323 | K50: =if(H50>0,K49+H50," ") -> 1014.15 | L50: =G50+L49 -> 326.822 | M50: =F50/(L50-8.7) -> 38.595256 | N50: =K50/F50 -> 0.082598957 | O50: 68F @ 11:21AM | P50: =(sum(I45:I50)/sum(G45:G50)) -> 38.904282
A51: 40671 | B51: Klamath | C51: California | D51: Pemamec Fuel Mart | E51: 4.729 | F51: 12559 | G51: 6.703 | H51: 31.7 | I51: =if(F51>0,F51-F50," ") -> 281 | J51: =if(G51>0,I51/G51," ") -> 41.921528 | K51: =if(H51>0,K50+H51," ") -> 1045.85 | L51: =G51+L50 -> 333.525 | M51: =F51/(L51-8.7) -> 38.663896 | N51: =K51/F51 -> 0.083274942 | O51: 56F @ 11:08AM | P51: =(sum(I46:I51)/sum(G46:G51)) -> 39.254144
A52: 40673 | B52: Healdsburg | C52: California | D52: Rotten Robbie | E52: 4.479 | F52: 12850 | G52: 7.115 | H52: 31.87 | I52: =if(F52>0,F52-F51," ") -> 291 | J52: =if(G52>0,I52/G52," ") -> 40.899508 | K52: =if(H52>0,K51+H52," ") -> 1077.72 | L52: =G52+L51 -> 340.64 | M52: =F52/(L52-8.7) -> 38.711815 | N52: =K52/F52 -> 0.083869261 | O52: 76F @ 10:24AM | P52: =(sum(I47:I52)/sum(G47:G52)) -> 39.778462
A53: 40673 | B53: San Louis Obispo | C53: California | D53: Chevron | E53: 4.599 | F53: 13148 | G53: 6.654 | H53: 30.6 | I53: =if(F53>0,F53-F52," ") -> 298 | J53: =if(G53>0,I53/G53," ") -> 44.785092 | K53: =if(H53>0,K52+H53," ") -> 1108.32 | L53: =G53+L52 -> 347.294 | M53: =F53/(L53-8.7) -> 38.831167 | N53: =K53/F53 -> 0.08429571 | O53: 58F @ 3:43PM | P53: =(sum(I48:I53)/sum(G48:G53)) -> 40.416055
A54: 40674 | B54: Laguna Hills | C54: California | D54: Union 76 | E54: 4.459 | F54: 13410 | G54: 6.463 | H54: 28.82 | I54: =if(F54>0,F54-F53," ") -> 262 | J54: =if(G54>0,I54/G54," ") -> 40.53845 | K54: =if(H54>0,K53+H54," ") -> 1137.14 | L54: =G54+L53 -> 353.757 | M54: =F54/(L54-8.7) -> 38.863144 | N54: =K54/F54 -> 0.084797912 | O54: 72F @ 4:15PM | P54: =(sum(I49:I54)/sum(G49:G54)) -> 40.151063
A55: 40717 | B55: San Marcos | C55: California | D55: Shell | E55: 3 | F55: 13683 | G55: 8.101 | H55: 32.48 | I55: =if(F55>0,F55-F54," ") -> 273 | J55: =if(G55>0,I55/G55," ") -> 33.699543 | K55: =if(H55>0,K54+H55," ") -> 1169.62 | L55: =G55+L54 -> 361.858 | M55: =F55/(L55-8.7) -> 38.744698 | N55: =K55/F55 -> 0.085479792 | P55: =(sum(I50:I55)/sum(G50:G55)) -> 39.765602
A56: 40719 | B56: Ludlow | C56: California | D56: Union 76 | E56: 4.599 | F56: 13925 | G56: 6.319 | H56: 29.86 | I56: =if(F56>0,F56-F55," ") -> 242 | J56: =if(G56>0,I56/G56," ") -> 38.297199 | K56: =if(H56>0,K55+H56," ") -> 1199.48 | L56: =G56+L55 -> 368.177 | M56: =F56/(L56-8.7) -> 38.736832 | N56: =K56/F56 -> 0.0861386 | P56: =(sum(I51:I56)/sum(G51:G56)) -> 39.825898
A57: 40719 | B57: Ash Fork | C57: Arizona | D57: Chevron | E57: 4.199 | F57: 14168 | G57: 7.624 | H57: 30.5 | I57: =if(F57>0,F57-F56," ") -> 243 | J57: =if(G57>0,I57/G57," ") -> 31.873033 | K57: =if(H57>0,K56+H57," ") -> 1229.98 | L57: =G57+L56 -> 375.801 | M57: =F57/(L57-8.7) -> 38.594283 | N57: =K57/F57 -> 0.086813947 | P57: =(sum(I52:I57)/sum(G52:G57)) -> 38.059419
A58: 40721 | B58: Gallup | C58: New Mexico | D58: Loves | E58: 3.559 | F58: 14476 | G58: 8.134 | H58: 28.95 | I58: =if(F58>0,F58-F57," ") -> 308 | J58: =if(G58>0,I58/G58," ") -> 37.865749 | K58: =if(H58>0,K57+H58," ") -> 1258.93 | L58: =G58+L57 -> 383.935 | M58: =F58/(L58-8.7) -> 38.578491 | N58: =K58/F58 -> 0.086966704 | P58: =(sum(I53:I58)/sum(G53:G58)) -> 37.5563
A59: 40722 | B59: Santa Rosa | C59: New Mexico | D59: Loves | E59: 3.659 | F59: 14738 | G59: 6.883 | H59: 25.18 | I59: =if(F59>0,F59-F58," ") -> 262 | J59: =if(G59>0,I59/G59," ") -> 38.064797 | K59: =if(H59>0,K58+H59," ") -> 1284.11 | L59: =G59+L58 -> 390.818 | M59: =F59/(L59-8.7) -> 38.569238 | N59: =K59/F59 -> 0.08712919 | P59: =(sum(I54:I59)/sum(G54:G59)) -> 36.531569
A60: 40722 | B60: Memphis | C60: Texas | D60: Loves | E60: 3.859 | F60: 14983 | G60: 6.793 | H60: 26.21 | I60: =if(F60>0,F60-F59," ") -> 245 | J60: =if(G60>0,I60/G60," ") -> 36.066539 | K60: =if(H60>0,K59+H60," ") -> 1310.32 | L60: =G60+L59 -> 397.611 | M60: =F60/(L60-8.7) -> 38.525524 | N60: =K60/F60 -> 0.087453781 | P60: =(sum(I55:I60)/sum(G55:G60)) -> 35.86902
A61: 40726 | B61: Aledo | C61: Texas | D61: Valero | E61: 3.699 | F61: 15262 | G61: 7.682 | H61: 28.42 | I61: =if(F61>0,F61-F60," ") -> 279 | J61: =if(G61>0,I61/G61," ") -> 36.318667 | K61: =if(H61>0,K60+H61," ") -> 1338.74 | L61: =G61+L60 -> 405.293 | M61: =F61/(L61-8.7) -> 38.482777 | N61: =K61/F61 -> 0.087717206 | P61: =(sum(I56:I61)/sum(G56:G61)) -> 36.353171
A62: 40726 | B62: Spring | C62: Texas | D62: Shell | E62: 3.679 | F62: 15509 | G62: 7.889 | H62: 26.88 | I62: =if(F62>0,F62-F61," ") -> 247 | J62: =if(G62>0,I62/G62," ") -> 31.309418 | K62: =if(H62>0,K61+H62," ") -> 1365.62 | L62: =G62+L61 -> 413.182 | M62: =F62/(L62-8.7) -> 38.342868 | N62: =K62/F62 -> 0.088053388 | P62: =(sum(I57:I62)/sum(G57:G62)) -> 35.196089
A63: 40727 | B63: Grosse Tete | C63: Louisiana | D63: Tiger | E63: 3.759 | F63: 15795 | G63: 8.293 | H63: 31.17 | I63: =if(F63>0,F63-F62," ") -> 286 | J63: =if(G63>0,I63/G63," ") -> 34.486917 | K63: =if(H63>0,K62+H63," ") -> 1396.79 | L63: =G63+L62 -> 421.475 | M63: =F63/(L63-8.7) -> 38.265399 | N63: =K63/F63 -> 0.088432415 | P63: =(sum(I58:I63)/sum(G58:G63)) -> 35.622017
A64: 40728 | B64: Pickens | C64: Mississippi | D64: BP | E64: 3.699 | F64: 16041 | G64: 6.931 | H64: 25.64 | I64: =if(F64>0,F64-F63," ") -> 246 | J64: =if(G64>0,I64/G64," ") -> 35.492714 | K64: =if(H64>0,K63+H64," ") -> 1422.43 | L64: =G64+L63 -> 428.406 | M64: =F64/(L64-8.7) -> 38.219611 | N64: =K64/F64 -> 0.088674646 | P64: =(sum(I59:I64)/sum(G59:G64)) -> 35.191473
A65: 40729 | B65: Turrell | C65: Arkansas | D65: Citgo | E65: 3.679 | F65: 16266 | G65: 6.46 | H65: 23.77 | I65: =if(F65>0,F65-F64," ") -> 225 | J65: =if(G65>0,I65/G65," ") -> 34.829721 | K65: =if(H65>0,K64+H65," ") -> 1446.2 | L65: =G65+L64 -> 434.866 | M65: =F65/(L65-8.7) -> 38.168226 | N65: =K65/F65 -> 0.088909382 | P65: =(sum(I60:I65)/sum(G60:G65)) -> 34.68943
A66: 40729 | B66: Arnold | C66: Missouri | D66: Phillips 66 | E66: 3.799 | F66: 16507 | G66: 7.68 | H66: 29.18 | I66: =if(F66>0,F66-F65," ") -> 241 | J66: =if(G66>0,I66/G66," ") -> 31.380208 | K66: =if(H66>0,K65+H66," ") -> 1475.38 | L66: =G66+L65 -> 442.546 | M66: =F66/(L66-8.7) -> 38.048063 | N66: =K66/F66 -> 0.089379051 | P66: =(sum(I61:I66)/sum(G61:G66)) -> 33.915656
... A116: 41060 | B116: Champaign | C116: Illinois | D116: Mobil | E116: 3.749 | F116: 28400 | G116: 7.895 | H116: 29.68 | I116: =if(F116>0,F116-F115," ") -> 314 | J116: =if(G116>0,I116/G116," ") -> 39.772008 | K116: =if(H116>0,K115+H116," ") -> 2657.17 | L116: =G116+L115 -> 743.021 | M116: =F116/(L116-8.7) -> 38.675184 | N116: =K116/F116 -> 0.093562324 | P116: =(sum(I111:I116)/sum(G111:G116)) -> 42.805173
A117: 5/31/0202 | B117: Richmond | C117: Ohio | D117: BP | E117: 3.859 | F117: 28688 | G117: 6.872 | H117: 26.52 | I117: =if(F117>0,F117-F116," ") -> 288 | J117: =if(G117>0,I117/G117," ") -> 41.909197 | K117: =if(H117>0,K116+H117," ") -> 2683.69 | L117: =G117+L116 -> 749.893 | M117: =F117/(L117-8.7) -> 38.705169 | N117: =K117/F117 -> 0.093547476 | P117: =(sum(I112:I117)/sum(G112:G117)) -> 42.331046
A118: 41061 | B118: Morgantown | C118: West Virginia | D118: Sheetz | E118: 3.899 | F118: 28900 | G118: 4.972 | H118: 19.39 | I118: =if(F118>0,F118-F117," ") -> 212 | J118: =if(G118>0,I118/G118," ") -> 42.638777 | K118: =if(H118>0,K117+H118," ") -> 2703.08 | L118: =G118+L117 -> 754.865 | M118: =F118/(L118-8.7) -> 38.73138 | N118: =K118/F118 -> 0.09353218 | P118: =(sum(I113:I118)/sum(G113:G118)) -> 42.510996
A119: 41068 | B119: Morgantown | C119: West Virginia | D119: Sheetz | E119: 3.899 | F119: 29109 | G119: 5.96 | H119: 23.24 | I119: =if(F119>0,F119-F118," ") -> 209 | J119: =if(G119>0,I119/G119," ") -> 35.067114 | K119: =if(H119>0,K118+H119," ") -> 2726.32 | L119: =G119+L118 -> 760.825 | M119: =F119/(L119-8.7) -> 38.702343 | N119: =K119/F119 -> 0.093659006 | P119: =(sum(I114:I119)/sum(G114:G119)) -> 39.964798
A120: 41069 | B120: Clyde | C120: Ohio | D120: Sunoco | E120: 3.819 | F120: 29384 | G120: 6.667 | H120: 25.46 | I120: =if(F120>0,F120-F119," ") -> 275 | J120: =if(G120>0,I120/G120," ") -> 41.247938 | K120: =if(H120>0,K119+H120," ") -> 2751.78 | L120: =G120+L119 -> 767.492 | M120: =F120/(L120-8.7) -> 38.72471 | N120: =K120/F120 -> 0.093648925 | P120: =(sum(I115:I120)/sum(G115:G120)) -> 40.722573
A121: 41069 | B121: Jackson | C121: Michigan | D121: Shell | E121: 3.919 | F121: 29576 | G121: 4.726 | H121: 18.52 | I121: =if(F121>0,F121-F120," ") -> 192 | J121: =if(G121>0,I121/G121," ") -> 40.626322 | K121: =if(H121>0,K120+H121," ") -> 2770.3 | L121: =G121+L120 -> 772.218 | M121: =F121/(L121-8.7) -> 38.73648 | N121: =K121/F121 -> 0.093667163 | P121: =(sum(I116:I121)/sum(G116:G121)) -> 40.170387
A122: 41071 | B122: Madison | C122: Wisconsin | D122: Road Ranger | E122: 3.719 | F122: 29815 | G122: 6.552 | H122: 24.37 | I122: =if(F122>0,F122-F121," ") -> 239 | J122: =if(G122>0,I122/G122," ") -> 36.477411 | K122: =if(H122>0,K121+H122," ") -> 2794.67 | L122: =G122+L121 -> 778.77 | M122: =F122/(L122-8.7) -> 38.717259 | N122: =K122/F122 -> 0.093733691 | P122: =(sum(I117:I122)/sum(G117:G122)) -> 39.581527
A123: 41071 | B123: Hudson | C123: Wisconsin | D123: TA | E123: 3.699 | F123: 30054 | G123: 6.172 | H123: 22.83 | I123: =if(F123>0,F123-F122," ") -> 239 | J123: =if(G123>0,I123/G123," ") -> 38.723266 | K123: =if(H123>0,K122+H123," ") -> 2817.5 | L123: =G123+L122 -> 784.942 | M123: =F123/(L123-8.7) -> 38.717307 | N123: =K123/F123 -> 0.09374792 | P123: =(sum(I118:I123)/sum(G118:G123)) -> 38.974008
A124: 41072 | B124: Rothsay | C124: Minnesota | D124: Tessoro | E124: 3.559 | F124: 30278 | G124: 6.287 | H124: 22.38 | I124: =if(F124>0,F124-F123," ") -> 224 | J124: =if(G124>0,I124/G124," ") -> 35.629076 | K124: =if(H124>0,K123+H124," ") -> 2839.88 | L124: =G124+L123 -> 791.229 | M124: =F124/(L124-8.7) -> 38.692496 | N124: =K124/F124 -> 0.093793513 | P124: =(sum(I119:I124)/sum(G119:G124)) -> 37.894621
A125: 41072 | B125: Bismarck | C125: North Dakota | D125: Tessoro | E125: 3.849 | F125: 30512 | G125: 6.503 | H125: 25.03 | I125: =if(F125>0,F125-F124," ") -> 234 | J125: =if(G125>0,I125/G125," ") -> 35.983392 | K125: =if(H125>0,K124+H125," ") -> 2864.91 | L125: =G125+L124 -> 797.732 | M125: =F125/(L125-8.7) -> 38.670168 | N125: =K125/F125 -> 0.093894533 | P125: =(sum(I120:I125)/sum(G120:G125)) -> 38.014469
A126: 41073 | B126: Beach | C126: North Dakota | D126: Flying J | E126: 4.059 | F126: 30669 | G126: 3.762 | H126: 15.27 | I126: =if(F126>0,F126-F125," ") -> 157 | J126: =if(G126>0,I126/G126," ") -> 41.733121 | K126: =if(H126>0,K125+H126," ") -> 2880.18 | L126: =G126+L125 -> 801.494 | M126: =F126/(L126-8.7) -> 38.684702 | N126: =K126/F126 -> 0.093911768 | P126: =(sum(I121:I126)/sum(G121:G126)) -> 37.791895
A127: 41074 | B127: Billings | C127: Montana | D127: Exxon | E127: 3.899 | F127: 30927 | G127: 7.204 | H127: 28.09 | I127: =if(F127>0,F127-F126," ") -> 258 | J127: =if(G127>0,I127/G127," ") -> 35.813437 | K127: =if(H127>0,K126+H127," ") -> 2908.27 | L127: =G127+L126 -> 808.698 | M127: =F127/(L127-8.7) -> 38.658847 | N127: =K127/F127 -> 0.094036602 | P127: =(sum(I122:I127)/sum(G122:G127)) -> 37.033991
A128: 41074 | B128: Livingston | C128: Montana | D128: Exxon | E128: 3.859 | F128: 31038 | G128: 2.695 | H128: 10.4 | I128: =if(F128>0,F128-F127," ") -> 111 | J128: =if(G128>0,I128/G128," ") -> 41.187384 | K128: =if(H128>0,K127+H128," ") -> 2918.67 | L128: =G128+L127 -> 811.393 | M128: =F128/(L128-8.7) -> 38.667336 | N128: =K128/F128 -> 0.094035376 | P128: =(sum(I123:I128)/sum(G123:G128)) -> 37.488888
A129: 41075 | B129: Pocatello | C129: Idaho | D129: Shell | E129: 3.979 | F129: 31379 | G129: 7.979 | H129: 31.75 | I129: =if(F129>0,F129-F128," ") -> 341 | J129: =if(G129>0,I129/G129," ") -> 42.737185 | K129: =if(H129>0,K128+H129," ") -> 2950.42 | L129: =G129+L128 -> 819.372 | M129: =F129/(L129-8.7) -> 38.707393 | N129: =K129/F129 -> 0.094025304 | P129: =(sum(I124:I129)/sum(G124:G129)) -> 38.48388
... A136: 41269 | B136: Kramer Junction | C136: California | D136: Pilot | E136: 3.819 | F136: 32874 | G136: 3.579 | H136: 13.67 | I136: =if(F136>0,F136-F135," ") -> 149 | J136: =if(G136>0,I136/G136," ") -> 41.631741 | K136: =if(H136>0,K135+H136," ") -> 3102.7 | L136: =G136+L135 -> 857.659 | M136: =F136/(L136-8.7) -> 38.722718 | N136: =K136/F136 -> 0.094381578 | P136: =(sum(I131:I136)/sum(G131:G136)) -> 36.677972
A137: 41269 | B137: Death Valley | C137: California | D137: Stove Pipe Fuel | E137: 4.27 | F137: 33041 | G137: 4.089 | H137: 17.46 | I137: =if(F137>0,F137-F136," ") -> 167 | J137: =if(G137>0,I137/G137," ") -> 40.841281 | K137: =if(H137>0,K136+H137," ") -> 3120.16 | L137: =G137+L136 -> 861.748 | M137: =F137/(L137-8.7) -> 38.732873 | N137: =K137/F137 -> 0.094432977 | O137: Regular Gas | P137: =(sum(I132:I137)/sum(G132:G137)) -> 37.357659
A138: 41270 | B138: Death Valley | C138: California | D138: Chevron | E138: 5.189 | F138: 33204 | G138: 4.171 | H138: 21.64 | I138: =if(F138>0,F138-F137," ") -> 163 | J138: =if(G138>0,I138/G138," ") -> 39.079357 | K138: =if(H138>0,K137+H138," ") -> 3141.8 | L138: =G138+L137 -> 865.919 | M138: =F138/(L138-8.7) -> 38.734559 | N138: =K138/F138 -> 0.09462113 | P138: =(sum(I133:I138)/sum(G133:G138)) -> 37.625389
A139: 41271 | B139: Kramer Junction | C139: California | D139: Pilot | E139: 3.819 | F139: 33468 | G139: 7.062 | H139: 26.97 | I139: =if(F139>0,F139-F138," ") -> 264 | J139: =if(G139>0,I139/G139," ") -> 37.383178 | K139: =if(H139>0,K138+H139," ") -> 3168.77 | L139: =G139+L138 -> 872.981 | M139: =F139/(L139-8.7) -> 38.723517 | N139: =K139/F139 -> 0.09468059 | P139: =(sum(I134:I139)/sum(G134:G139)) -> 36.864698
A140: 41273 | B140: San Marcos | C140: California | D140: Shell | E140: 3.819 | F140: 33655 | G140: 4.392 | H140: 16.77 | I140: =if(F140>0,F140-F139," ") -> 187 | J140: =if(G140>0,I140/G140," ") -> 42.577413 | K140: =if(H140>0,K139+H140," ") -> 3185.54 | L140: =G140+L139 -> 877.373 | M140: =F140/(L140-8.7) -> 38.743002 | N140: =K140/F140 -> 0.0946528 | P140: =(sum(I135:I140)/sum(G135:G140)) -> 39.053775
A141: 41302 | B141: San Marcos | C141: California | D141: Shell | E141: 3.919 | F141: 33799 | G141: 3.826 | H141: 14.99 | I141: =if(F141>0,F141-F140," ") -> 144 | J141: =if(G141>0,I141/G141," ") -> 37.637219 | K141: =if(H141>0,K140+H141," ") -> 3200.53 | L141: =G141+L140 -> 881.199 | M141: =F141/(L141-8.7) -> 38.738153 | N141: =K141/F141 -> 0.094693038 | P141: =(sum(I136:I141)/sum(G136:G141)) -> 39.60323
A142: 41392 | B142: San Marcos | C142: California | D142: Shell | E142: 4.059 | F142: 34098 | G142: 8.2 | H142: 33.28 | I142: =if(F142>0,F142-F141," ") -> 299 | J142: =if(G142>0,I142/G142," ") -> 36.463415 | K142: =if(H142>0,K141+H142," ") -> 3233.81 | L142: =G142+L141 -> 889.399 | M142: =F142/(L142-8.7) -> 38.716974 | N142: =K142/F142 -> 0.0948387 | P142: =(sum(I137:I142)/sum(G137:G142)) -> 38.563327
A143: 41489 | B143: San Marcos | C143: California | D143: Shell | E143: 4.199 | F143: 34350 | G143: 6.885 | H143: 28.91 | I143: =if(F143>0,F143-F142," ") -> 252 | J143: =if(G143>0,I143/G143," ") -> 36.601307 | K143: =if(H143>0,K142+H143," ") -> 3262.72 | L143: =G143+L142 -> 896.284 | M143: =F143/(L143-8.7) -> 38.700562 | N143: =K143/F143 -> 0.094984571 | P143: =(sum(I138:I143)/sum(G138:G143)) -> 37.902479
A144: 41490 | B144: Kramer Junction | C144: California | D144: Pilot | E144: 4.219 | F144: 34565 | G144: 4.646 | H144: 19.6 | I144: =if(F144>0,F144-F143," ") -> 215 | J144: =if(G144>0,I144/G144," ") -> 46.276367 | K144: =if(H144>0,K143+H144," ") -> 3282.32 | L144: =G144+L143 -> 900.93 | M144: =F144/(L144-8.7) -> 38.740011 | N144: =K144/F144 -> 0.094960798 | P144: =(sum(I139:I144)/sum(G139:G144)) -> 38.873497
A145: 41490 | B145: Bridgeport | C145: California | D145: Shell | E145: 5.199 | F145: 34829 | G145: 6.208 | H145: 32.28 | I145: =if(F145>0,F145-F144," ") -> 264 | J145: =if(G145>0,I145/G145," ") -> 42.525773 | K145: =if(H145>0,K144+H145," ") -> 3314.6 | L145: =G145+L144 -> 907.138 | M145: =F145/(L145-8.7) -> 38.76617 | N145: =K145/F145 -> 0.09516782 | P145: =(sum(I140:I145)/sum(G140:G145)) -> 39.84542
A146: 41491 | B146: Mt Shasta | C146: California | D146: Chevron | E146: 4.299 | F146: 35151 | G146: 6.884 | H146: 29.59 | I146: =if(F146>0,F146-F145," ") -> 322 | J146: =if(G146>0,I146/G146," ") -> 46.775131 | K146: =if(H146>0,K145+H146," ") -> 3344.19 | L146: =G146+L145 -> 914.022 | M146: =F146/(L146-8.7) -> 38.827069 | N146: =K146/F146 -> 0.095137834 | P146: =(sum(I141:I146)/sum(G141:G146)) -> 40.819668
A147: 41492 | B147: Reedsport | C147: Oregon | D147: Chevron | E147: 4.099 | F147: 35429 | G147: 6.515 | H147: 26.7 | I147: =if(F147>0,F147-F146," ") -> 278 | J147: =if(G147>0,I147/G147," ") -> 42.67076 | K147: =if(H147>0,K146+H147," ") -> 3370.89 | L147: =G147+L146 -> 920.537 | M147: =F147/(L147-8.7) -> 38.854532 | N147: =K147/F147 -> 0.095144938 | P147: =(sum(I142:I147)/sum(G142:G147)) -> 41.435762
A148: 41493 | B148: Raymond | C148: Washington | D148: Shell | E148: 4.199 | F148: 35740 | G148: 6.561 | H148: 27.55 | I148: =if(F148>0,F148-F147," ") -> 311 | J148: =if(G148>0,I148/G148," ") -> 47.401311 | K148: =if(H148>0,K147+H148," ") -> 3398.44 | L148: =G148+L147 -> 927.098 | M148: =F148/(L148-8.7) -> 38.91559 | N148: =K148/F148 -> 0.095087857 | P148: =(sum(I143:I148)/sum(G143:G148)) -> 43.555532
A149: 41495 | B149: Bellingham | C149: Washington | D149: Arco | E149: 4.159 | F149: 35986 | G149: 4.985 | H149: 20.73 | I149: =if(F149>0,F149-F148," ") -> 246 | J149: =if(G149>0,I149/G149," ") -> 49.348044 | K149: =if(H149>0,K148+H149," ") -> 3419.17 | L149: =G149+L148 -> 932.083 | M149: =F149/(L149-8.7) -> 38.971911 | N149: =K149/F149 -> 0.095013894 | P149: =(sum(I144:I149)/sum(G144:G149)) -> 45.699601
A150: 41498 | B150: Haines Junction | C150: Yukon | D150: Petro Express | E150: 5.374 | F150: 36146 | G150: 2.969 | H150: 19.59 | I150: =if(F150>0,F150-F149," ") -> 160 | J150: =if(G150>0,I150/G150," ") -> 53.890199 | K150: =if(H150>0,K149+H150," ") -> 3438.76 | L150: =G150+L149 -> 935.052 | M150: =F150/(L150-8.7) -> 39.019725 | N150: =K150/F150 -> 0.095135285 | O150: Canada (convtd) | P150: =(sum(I145:I150)/sum(G145:G150)) -> 46.333744
A151: 41499 | B151: Tok | C151: Alaska | D151: Shell | E151: 4.359 | F151: 36425 | G151: 5.969 | H151: 26.02 | I151: =if(F151>0,F151-F150," ") -> 279 | J151: =if(G151>0,I151/G151," ") -> 46.741498 | K151: =if(H151>0,K150+H151," ") -> 3464.78 | L151: =G151+L150 -> 941.021 | M151: =F151/(L151-8.7) -> 39.069162 | N151: =K151/F151 -> 0.095120933 | P151: =(sum(I146:I151)/sum(G146:G151)) -> 47.103267
A152: 41501 | B152: Fairbanks | C152: Alaska | D152: Tesoro | E152: 4.139 | F152: 36693 | G152: 6.309 | H152: 26.11 | I152: =if(F152>0,F152-F151," ") -> 268 | J152: =if(G152>0,I152/G152," ") -> 42.478998 | K152: =if(H152>0,K151+H152," ") -> 3490.89 | L152: =G152+L151 -> 947.33 | M152: =F152/(L152-8.7) -> 39.092081 | N152: =K152/F152 -> 0.095137765 | P152: =(sum(I147:I152)/sum(G147:G152)) -> 46.295184
A153: 41503 | B153: Yukon River Crossing | C153: Alaska | D153: No Brand | E153: 5.199 | F153: 36852 | G153: 3.525 | H153: 18.33 | I153: =if(F153>0,F153-F152," ") -> 159 | J153: =if(G153>0,I153/G153," ") -> 45.106383 | K153: =if(H153>0,K152+H153," ") -> 3509.22 | L153: =G153+L152 -> 950.855 | M153: =F153/(L153-8.7) -> 39.114583 | N153: =K153/F153 -> 0.095224683 | O153: Regular Gas | P153: =(sum(I148:I153)/sum(G148:G153)) -> 46.935814
A154: 41504 | B154: Yukon River Crossing | C154: Alaska | D154: No Brand | E154: 5.199 | F154: 37114 | G154: 5.573 | H154: 28.97 | I154: =if(F154>0,F154-F153," ") -> 262 | J154: =if(G154>0,I154/G154," ") -> 47.012381 | K154: =if(H154>0,K153+H154," ") -> 3538.19 | L154: =G154+L153 -> 956.428 | M154: =F154/(L154-8.7) -> 39.161025 | N154: =K154/F154 -> 0.095333028 | O154: Regular Gas | P154: =(sum(I149:I154)/sum(G149:G154)) -> 46.846233
A155: 41506 | B155: Ester | C155: Alaska | D155: Tesoro | E155: 4.129 | F155: 37306 | G155: 4.156 | H155: 17.16 | I155: =if(F155>0,F155-F154," ") -> 192 | J155: =if(G155>0,I155/G155," ") -> 46.198268 | K155: =if(H155>0,K154+H155," ") -> 3555.35 | L155: =G155+L154 -> 960.584 | M155: =F155/(L155-8.7) -> 39.19175 | N155: =K155/F155 -> 0.095302364 | P155: =(sum(I150:I155)/sum(G150:G155)) -> 46.314164
...

Sheet Locations
A1: Date | B1: City | C1: State | E1: =concatenate(A1,", ",B1,", ",C1) -> Date, City, State
A2: 40382 | B2: San Diego | C2: California | E2: =concatenate(TEXT(A2,"M/d/yyyy"),", ",B2,", ",C2) -> 7/23/2010, San Diego, California
A3: 40385 | B3: San Marcos | C3: California | E3: =concatenate(TEXT(A3,"M/d/yyyy"),", ",B3,", ",C3) -> 7/26/2010, San Marcos, California
A4: 40440 | B4: Campo | C4: California | E4: =concatenate(TEXT(A4,"M/d/yyyy"),", ",B4,", ",C4) -> 9/19/2010, Campo, California
A5: 40440 | B5: Eloy | C5: Arizona | E5: =concatenate(TEXT(A5,"M/d/yyyy"),", ",B5,", ",C5) -> 9/19/2010, Eloy, Arizona
A6: 40441 | B6: Deming | C6: Arizona | E6: =concatenate(TEXT(A6,"M/d/yyyy"),", ",B6,", ",C6) -> 9/20/2010, Deming, Arizona
A7: 40441 | B7: Pecos | C7: Texas | E7: =concatenate(TEXT(A7,"M/d/yyyy"),", ",B7,", ",C7) -> 9/20/2010, Pecos, Texas
A8: 40442 | B8: Abilene | C8: Texas | E8: =concatenate(TEXT(A8,"M/d/yyyy"),", ",B8,", ",C8) -> 9/21/2010, Abilene, Texas
A9: 40444 | B9: Flower Mound | C9: Texas | E9: =concatenate(TEXT(A9,"M/d/yyyy"),", ",B9,", ",C9) -> 9/23/2010, Flower Mound, Texas
A10: 40445 | B10: Blackwell | C10: Oklahoma | E10: =concatenate(TEXT(A10,"M/d/yyyy"),", ",B10,", ",C10) -> 9/24/2010, Blackwell, Oklahoma
A11: 40445 | B11: Matfield Green | C11: Kansas | E11: =concatenate(TEXT(A11,"M/d/yyyy"),", ",B11,", ",C11) -> 9/24/2010, Matfield Green, Kansas
A12: 40450 | B12: St. Louis | C12: Missouri | E12: =concatenate(TEXT(A12,"M/d/yyyy"),", ",B12,", ",C12) -> 9/29/2010, St. Louis, Missouri
A13: 40451 | B13: Dale | C13: Indiana | E13: =concatenate(TEXT(A13,"M/d/yyyy"),", ",B13,", ",C13) -> 9/30/2010, Dale, Indiana
... A116: 41060 | B116: Champaign | C116: Illinois | E116: =concatenate(TEXT(A116,"M/d/yyyy"),", ",B116,", ",C116) -> 5/31/2012, Champaign, Illinois
A117: 5/31/0202 | B117: Richmond | C117: Ohio | E117: =concatenate(TEXT(A117,"M/d/yyyy"),", ",B117,", ",C117) -> 5/31/0202, Richmond, Ohio
A118: 41061 | B118: Morgantown | C118: West Virginia | E118: =concatenate(TEXT(A118,"M/d/yyyy"),", ",B118,", ",C118) -> 6/1/2012, Morgantown, West Virginia
A119: 41068 | B119: Morgantown | C119: West Virginia | E119: =concatenate(TEXT(A119,"M/d/yyyy"),", ",B119,", ",C119) -> 6/8/2012, Morgantown, West Virginia
A120: 41069 | B120: Clyde | C120: Ohio | E120: =concatenate(TEXT(A120,"M/d/yyyy"),", ",B120,", ",C120) -> 6/9/2012, Clyde, Ohio
A121: 41069 | B121: Jackson | C121: Michigan | E121: =concatenate(TEXT(A121,"M/d/yyyy"),", ",B121,", ",C121) -> 6/9/2012, Jackson, Michigan
A122: 41071 | B122: Madison | C122: Wisconsin | E122: =concatenate(TEXT(A122,"M/d/yyyy"),", ",B122,", ",C122) -> 6/11/2012, Madison, Wisconsin
A123: 41071 | B123: Hudson | C123: Wisconsin | E123: =concatenate(TEXT(A123,"M/d/yyyy"),", ",B123,", ",C123) -> 6/11/2012, Hudson, Wisconsin
A124: 41072 | B124: Rothsay | C124: Minnesota | E124: =concatenate(TEXT(A124,"M/d/yyyy"),", ",B124,", ",C124) -> 6/12/2012, Rothsay, Minnesota
A125: 41072 | B125: Bismarck | C125: North Dakota | E125: =concatenate(TEXT(A125,"M/d/yyyy"),", ",B125,", ",C125) -> 6/12/2012, Bismarck, North Dakota
A126: 41073 | B126: Beach | C126: North Dakota | E126: =concatenate(TEXT(A126,"M/d/yyyy"),", ",B126,", ",C126) -> 6/13/2012, Beach, North Dakota
A127: 41074 | B127: Billings | C127: Montana | E127: =concatenate(TEXT(A127,"M/d/yyyy"),", ",B127,", ",C127) -> 6/14/2012, Billings, Montana
A128: 41074 | B128: Livingston | C128: Montana | E128: =concatenate(TEXT(A128,"M/d/yyyy"),", ",B128,", ",C128) -> 6/14/2012, Livingston, Montana
A129: 41075 | B129: Pocatello | C129: Idaho | E129: =concatenate(TEXT(A129,"M/d/yyyy"),", ",B129,", ",C129) -> 6/15/2012, Pocatello, Idaho
... A213: 41802 | B213: Landcaster | C213: California | E213: =concatenate(TEXT(A213,"M/d/yyyy"),", ",B213,", ",C213) -> 6/12/2014, Landcaster, California

Sheet Trip Log
A1: Date | B1: Strt Time | C1: Temp | D1: ODO | E1: City | F1: End Time | G1: Temp | H1: ODO | I1: CIty | J1: Note
A2: 40605 | G2: 83 | H2: 11552 | I2: Lake San Marcos | J2: End of desert trip
A3: 40669 | B3: 0.23472222 | C3: 57 | D3: 11660 | E3: Lake San Marcos | I3: Livermore | J3: Start NoCal trip
A4: 40670 | B4: 0.32986111 | C4: 55 | D4: 12147 | E4: Livermore | I4: Trinidad
A5: 5/8/0201 | B5: 0.31944444 | C5: 47 | D5: 12508 | E5: Trinidad | I5: Trinidad
A6: 40672 | B6: 0.33611111 | C6: 46 | D6: 12610 | E6: Trinidad | I6: Healdsburg
A7: 40673 | B7: 0.43055556 | C7: 76 | D7: 12850 | E7: Healdsburg | I7: San Luis Obispo
A8: 40674 | B8: 0.35138889 | C8: 54 | D8: 13154 | E8: San Luis Obispo | F8: 0.725 | G8: 64 | H8: 13461 | I8: Lake San Marcos | J8: End of NoCal trip

Sheet Canada2014
A1: Date | B1: City | C1: Province | D1: Brand | E1: CN$/liter | F1: ODO | G1: Liters | H1: $CN | J1: US$/liter | K1: US$/gallon | L1: gallons | M1: Cost (USD)
A2: 41783 | B2: Timber River | C2: New Brunswick | D2: Petro-Canada | E2: 1.446 | F2: 45576 | G2: 24.194 | H2: 34.98 | J2: =E2*$F$24 -> 1.33032 | K2: =J2/$F$25 -> 5.03581 | L2: =G2*$F$25 -> 6.3913774 | M2: =H2*$F$24 -> 32.1816
A3: 41784 | B3: Belle Cote | C3: Nova Scotia | D3: Caper Gas | E3: 1.495 | F3: 45859 | G3: 25.157 | H3: 37.61 | J3: =E3*$F$24 -> 1.3754 | K3: =J3/$F$25 -> 5.2064564 | L3: =G3*$F$25 -> 6.645775 | M3: =H3*$F$24 -> 34.6012
A4: 41784 | B4: Sydney Mines | C4: Nova Scotia | D4: Petro-Canada | E4: 1.496 | F4: 46034 | G4: 15.42 | H4: 23.07 | J4: =E4*$F$24 -> 1.37632 | K4: =J4/$F$25 -> 5.209939 | L4: =G4*$F$25 -> 4.0735322 | M4: =H4*$F$24 -> 21.2244
A5: 41785 | B5: Corner Brook | C5: Newfoundland | D5: Esso | E5: 1.472 | F5: 46174 | G5: 13.416 | H5: 19.75 | J5: =E5*$F$24 -> 1.35424 | K5: =J5/$F$25 -> 5.1263571 | L5: =G5*$F$25 -> 3.5441316 | M5: =H5*$F$24 -> 18.17
A6: 41787 | B6: Woody Point | C6: Newfoundland | D6: Western Petroleum | E6: 1.412 | F6: 46421 | G6: 14.161 | H6: 20 | I6: partial | J6: =E6*$F$24 -> 1.29904 | K6: =J6/$F$25 -> 4.9174023 | L6: =G6*$F$25 -> 3.7409397 | M6: =H6*$F$24 -> 18.4
A7: 41787 | B7: Port Aux Basques | C7: Newfoundland | D7: Irving | E7: 1.48 | F7: 46617 | G7: 26.952 | H7: 39.89 | J7: =E7*$F$24 -> 1.3616 | K7: =J7/$F$25 -> 5.1542177 | L7: =G7*$F$25 -> 7.1199637 | M7: =H7*$F$24 -> 36.6988
A8: 41788 | B8: Aulac | C8: New Brunswick | D8: Irving | E8: 1.432 | F8: 46881 | G8: 22.162 | H8: 31.74 | J8: =E8*$F$24 -> 1.31744 | K8: =J8/$F$25 -> 4.9870539 | L8: =G8*$F$25 -> 5.8545799 | M8: =H8*$F$24 -> 29.2008
A9: 41788 | B9: Beardsley | C9: New Brunswick | D9: Irving | E9: 1.453 | F9: 47075 | G9: 23.67 | H9: 34.4 | J9: =E9*$F$24 -> 1.33676 | K9: =J9/$F$25 -> 5.0601881 | L9: =G9*$F$25 -> 6.2529512 | M9: =H9*$F$24 -> 31.648
A10: 41789 | B10: St. Jean-Pont Joli | C10: Quebec | D10: Petro-Canada | E10: 1.529 | F10: 47306 | G10: 19.36 | H10: 29.6 | J10: =E10*$F$24 -> 1.40668 | K10: =J10/$F$25 -> 5.3248641 | L10: =G10*$F$25 -> 5.1143699 | M10: =H10*$F$24 -> 27.232
A11: 41791 | B11: Saint Lazare | C11: Quebec | D11: Esso | E11: 1.549 | F11: 47553 | G11: 25.454 | H11: 39.43 | J11: =E11*$F$24 -> 1.42508 | K11: =J11/$F$25 -> 5.3945157 | L11: =G11*$F$25 -> 6.7242341 | M11: =H11*$F$24 -> 36.2756
A12: 41791 | B12: North Bay | C12: Ontario | D12: Shell | E12: 1.489 | F12: 47855 | G12: 26.52 | H12: 39.49 | J12: =E12*$F$24 -> 1.36988 | K12: =J12/$F$25 -> 5.1855609 | L12: =G12*$F$25 -> 7.0058414 | M12: =H12*$F$24 -> 36.3308
A13: 41792 | B13: Sault St. Marie | C13: Ontario | D13: Husky | E13: 1.559 | F13: 48114 | G13: 22.534 | H13: 35.13 | J13: =E13*$F$24 -> 1.43428 | K13: =J13/$F$25 -> 5.4293415 | L13: =G13*$F$25 -> 5.9528518 | M13: =H13*$F$24 -> 32.3196
A14: 41793 | B14: Wawa | C14: Ontario | D14: Petro-Canada | E14: 1.629 | F14: 48266 | G14: 13.286 | H14: 21.64 | J14: =E14*$F$24 -> 1.49868 | K14: =J14/$F$25 -> 5.6731221 | L14: =G14*$F$25 -> 3.5097892 | M14: =H14*$F$24 -> 19.9088
A15: 41793 | B15: Shuniah | C15: Ontario | D15: Flying J | E15: 1.549 | F15: 48526 | G15: 22.813 | H15: 35.34 | J15: =E15*$F$24 -> 1.42508 | K15: =J15/$F$25 -> 5.3945157 | L15: =G15*$F$25 -> 6.0265558 | M15: =H15*$F$24 -> 32.5128
A16: 41794 | B16: Dryden | C16: Ontario | D16: Petro-Canada | E16: 1.529 | F16: 48778 | G16: 24.24 | H16: 37.06 | J16: =E16*$F$24 -> 1.40668 | K16: =J16/$F$25 -> 5.3248641 | L16: =G16*$F$25 -> 6.4035293 | M16: =H16*$F$24 -> 34.0952
A17: 41795 | B17: Brandon | C17: Manitoba | D17: Shell | E17: 1.469 | F17: 49122 | G17: 26.727 | H17: 39.26 | J17: =E17*$F$24 -> 1.35148 | K17: =J17/$F$25 -> 5.1159093 | L17: =G17*$F$25 -> 7.060525 | M17: =H17*$F$24 -> 36.1192
A18: 41796 | B18: Regina | C18: Saskatchwan | D18: Shell | E18: 1.489 | F18: 49344 | G18: 22.092 | H18: 32.89 | J18: =E18*$F$24 -> 1.36988 | K18: =J18/$F$25 -> 5.1855609 | L18: =G18*$F$25 -> 5.8360878 | M18: =H18*$F$24 -> 30.2588
... A20: 41797 | B20: Blairmore | C20: Alberta | D20: Shell | E20: 1.449 | F20: 49822 | G20: 22.78 | H20: 33 | J20: =E20*$F$24 -> 1.33308 | K20: =J20/$F$25 -> 5.0462577 | L20: =G20*$F$25 -> 6.0178382 | M20: =H20*$F$24 -> 30.36
E24: US/Canada rate | F24: 0.92
E25: liters to gallons | F25: 0.264172
